"estimator","att","se"
"TWFE",-0.174401233822183,0.0807748897776127
"CS-NT",-0.448002223969434,0.0990825622068336
"CS-NYT",-0.438955691580461,0.100429793950008
