"id_artigo","grupo","beta_twfe","se_twfe","att_csdid_nt","se_csdid_nt","att_csdid_nyt","se_csdid_nyt","att_nt_simple","se_nt_simple","att_nt_dynamic","se_nt_dynamic","att_nyt_simple","se_nyt_simple","att_nyt_dynamic","se_nyt_dynamic"
"Dranove et al. (2021)","escalonada_controles",-0.176305612449144,0.0483934437629663,-0.208403788810132,0.0529941155554229,-0.213346037685379,0.0526013162946925,-0.213803473901628,0.0590181180629375,-0.198484463998418,0.0503832659268376,-0.219344916925632,0.0544416061972046,-0.203321463305054,0.0527692855978803
