"id_artigo","grupo","beta_twfe","se_twfe","att_csdid_nt","se_csdid_nt","att_csdid_nyt","se_csdid_nyt","att_nt_simple","se_nt_simple","att_nt_dynamic","se_nt_dynamic","att_nyt_simple","se_nyt_simple","att_nyt_dynamic","se_nyt_dynamic"
"Anderson, Charles, Rees (2020)","escalonada_controles",1.22100381425433,0.887922734620682,1.26006970149206,0.485829922778354,1.47286586283357,2.37612552544048,0.994644924138791,0.403647671011592,0.980118085028023,0.404791181885583,1.27030343253399,2.36088998351075,1.23722146993408,2.3006749328034
