"treated","untreated","estimate","weight","type"
1982,1981,-0.0615666277714301,0.454545454545454,"Later vs Earlier Treated"
1981,1982,1.70161793319139,0.545454545454545,"Earlier vs Later Treated"
