"id_artigo","grupo","beta_twfe","se_twfe","att_csdid_nt","se_csdid_nt","att_csdid_nyt","se_csdid_nyt","att_nt_simple","se_nt_simple","att_nt_dynamic","se_nt_dynamic","att_nyt_simple","se_nyt_simple","att_nyt_dynamic","se_nyt_dynamic"
"Rossin-Slater (2017)","escalonada_controles",-0.0285386336405328,0.0075655819445946,-0.00258725148789525,0.0137513226389717,-0.00242571824832939,0.0158892261410142,-0.000359405802617555,0.0131719064359641,0.0101924856118926,0.0106964672248632,-0.00134063619826942,0.0125496937153818,0.00461385016256077,0.0100279570616453
