"id_artigo","grupo","beta_twfe","se_twfe","att_csdid_nt","se_csdid_nt","att_csdid_nyt","se_csdid_nyt","att_nt_simple","se_nt_simple","att_nt_dynamic","se_nt_dynamic","att_nyt_simple","se_nyt_simple","att_nyt_dynamic","se_nyt_dynamic"
"Anderson, Charles, Olivares, Rees (2019)","escalonada_controles",-0.0362912326360713,0.0332952656725952,0.017467229282302,0.101200370412111,0.0182140017560287,0.100661493985401,0.0202838719544578,0.0912488906480705,0.0113241326285584,0.0869437125423896,0.02073978983877,0.0866259328659553,0.011812014219994,0.0883673768861716
