"id_artigo","grupo","beta_twfe","se_twfe","att_csdid_nt","se_csdid_nt","att_csdid_nyt","se_csdid_nyt","att_nt_simple","se_nt_simple","att_nt_dynamic","se_nt_dynamic","att_nyt_simple","se_nyt_simple","att_nyt_dynamic","se_nyt_dynamic"
"Bancalari (2024)","escalonada_sem_controles",0.737334766407397,0.415934665102275,2.35459312879988,1.1709252377544,2.25547243664839,1.00998477451645,2.56891027337649,1.35209708573137,2.97419321876453,1.65053736186012,2.50873829327325,1.03325789279467,2.94940230386936,1.27992816019606
