"id_artigo","grupo","beta_twfe","se_twfe","att_csdid_nt","se_csdid_nt","att_csdid_nyt","se_csdid_nyt","att_nt_simple","se_nt_simple","att_nt_dynamic","se_nt_dynamic","att_nyt_simple","se_nyt_simple","att_nyt_dynamic","se_nyt_dynamic"
"Myers (2017)","escalonada_sem_controles",-0.00332450541874533,0.00870774198027262,0.00267143548834586,0.00969909088207798,0.00367877573168928,0.00888362070656051,-0.012700230880557,0.0154406087404762,-0.0326118973640277,0.0242974187025166,-0.00661101331601099,0.0132929130316248,-0.0224487656587835,0.0209055728557062
