"id_artigo","grupo","beta_twfe","se_twfe","att_csdid_nt","se_csdid_nt","att_csdid_nyt","se_csdid_nyt","att_nt_simple","se_nt_simple","att_nt_dynamic","se_nt_dynamic","att_nyt_simple","se_nyt_simple","att_nyt_dynamic","se_nyt_dynamic"
"Lawler, Yewell (2023)","escalonada_controles",0.0383225319079745,0.00949945737471897,0.0077395891442057,0.00544388743849039,0.00780777953528951,0.00620796966430788,0.0165156278401141,0.00568693407419825,0.0243710776183781,0.00820759396749034,0.0192165070031942,0.0052040372455241,0.0282021964807617,0.00657215025921676
