"id_artigo","grupo","beta_twfe","se_twfe","att_csdid_nt","se_csdid_nt","att_csdid_nyt","se_csdid_nyt","att_nt_simple","se_nt_simple","att_nt_dynamic","se_nt_dynamic","att_nyt_simple","se_nyt_simple","att_nyt_dynamic","se_nyt_dynamic"
"Brodeur, Yousaf (2020)","escalonada_sem_controles",-1.34792178014962,0.522946967649893,-1.54605032548229,0.63460917047885,-1.53223994344891,0.590269432182467,-1.27603718064916,0.708316978936434,-0.923090527175429,1.09037867139212,-1.25746230126041,0.692567975870144,-0.909905500363304,1.01254484881029
