"id_artigo","grupo","beta_twfe","se_twfe","att_csdid_nt","se_csdid_nt","att_csdid_nyt","se_csdid_nyt","att_nt_simple","se_nt_simple","att_nt_dynamic","se_nt_dynamic","att_nyt_simple","se_nyt_simple","att_nyt_dynamic","se_nyt_dynamic"
"Buchmueller, Carey (2018)","escalonada_sem_controles",-0.00187036731021377,0.000832237772468236,-0.00137090398218393,0.00133289389752254,-0.00137208929952579,0.00130113753584368,-0.00154677039296533,0.00116927500440295,-0.00188759102809309,0.000809272082143895,-0.00155336336759615,0.00114934984392567,-0.00189143668215051,0.000802092214036232
