"id_artigo","grupo","beta_twfe","se_twfe","att_csdid_nt","se_csdid_nt","att_csdid_nyt","se_csdid_nyt","att_nt_simple","se_nt_simple","att_nt_dynamic","se_nt_dynamic","att_nyt_simple","se_nyt_simple","att_nyt_dynamic","se_nyt_dynamic"
"Schmitt (2018)","escalonada_controles",0.0701723452836316,0.0171535151704764,0.0528906815675982,0.0197867893994195,0.0530767111734781,0.0193586299564105,0.056594364881361,0.0211268702318262,0.0594173361578573,0.0233499466823126,0.0568252501792642,0.0190019993186482,0.0596028679094613,0.0233051759726105
