"id_artigo","grupo","beta_twfe","se_twfe","att_csdid_nt","se_csdid_nt","att_csdid_nyt","se_csdid_nyt","att_nt_simple","se_nt_simple","att_nt_dynamic","se_nt_dynamic","att_nyt_simple","se_nyt_simple","att_nyt_dynamic","se_nyt_dynamic"
"Soliman (2025)","escalonada_sem_controles",-33.6514775751975,6.48591329761202,-48.4913056131598,7.48428080592485,-48.5539054348841,7.69305642053942,-50.3407017875776,7.71838310348161,-70.038131595302,12.3541297209151,-50.4185239747887,8.05457150395198,-70.0876493888497,11.488570110595
